temperature,top_p,top_k,repetition_penalty,SARI_mean,SARI_std
0.3,0.8,20,1.0,52.56031915480141,0.2991948074696554
0.3,0.8,20,1.1,47.986449100735705,0.29698327717075357
