{"sari": 17.605506311357637, "bert": 0.5673428116422711, "params": {"temperature": 0.247557707503438, "top_p": 0.6946401139721274, "top_k": 70, "rep_pen": 3.376046597957611, "max_tokens": 616}}