{"sari": 22.296957935021087, "bert": 0.7671989273543309, "params": {"temperature": 0.8280209457501768, "top_p": 0.5791672435589135, "top_k": 408, "rep_pen": 1.2396127991378307, "max_tokens": 787}}