{"sari": 16.866621325979864, "bert": 0.6614577457158253, "params": {"temperature": 0.9346864391118287, "top_p": 0.9183381255716085, "top_k": 180, "rep_pen": 2.334288202226162, "max_tokens": 55}}