{"sari": 17.44026865292343, "bert": 0.5676785826080978, "params": {"temperature": 0.13973497804254292, "top_p": 0.8068785569630563, "top_k": 266, "rep_pen": 4.033206809312105, "max_tokens": 371}}