{"sari": 17.217165307340554, "bert": 0.5511742735751951, "params": {"temperature": 1.1813615595921874, "top_p": 0.8560380167327821, "top_k": 371, "rep_pen": 2.2217443957924843, "max_tokens": 672}}