{"sari": 18.033877488930173, "bert": 0.564961989178802, "params": {"temperature": 0.3839850870892405, "top_p": 0.8167795459739864, "top_k": 39, "rep_pen": 2.98065485060215, "max_tokens": 997}}