{"sari": 17.682573792265337, "bert": 0.5699350572595693, "params": {"temperature": 0.5513163156807422, "top_p": 0.8708545668050647, "top_k": 448, "rep_pen": 1.9136684238910675, "max_tokens": 863}}