{"sari": 16.98743571475229, "bert": 0.5924365185727977, "params": {"temperature": 1.215384254232049, "top_p": 0.5734253935515881, "top_k": 196, "rep_pen": 4.370903991162777, "max_tokens": 214}}