{"sari": 17.21000552453472, "bert": 0.6198302656713158, "params": {"temperature": 0.31082120537757874, "top_p": 0.554789625108242, "top_k": 75, "rep_pen": 4.124898731708527, "max_tokens": 155}}