{"sari": 17.60966174364963, "bert": 0.5660970097238367, "params": {"temperature": 0.2755660815164447, "top_p": 0.9049874064512551, "top_k": 241, "rep_pen": 3.960925418883562, "max_tokens": 720}}