{"sari": 16.98894331060261, "bert": 0.6037362752538739, "params": {"temperature": 0.8902099825441837, "top_p": 0.7943502841517329, "top_k": 459, "rep_pen": 3.8501308523118496, "max_tokens": 182}}