{"sari": 17.006550321586214, "bert": 0.5885098975716215, "params": {"temperature": 0.7444727048277854, "top_p": 0.9680560696870089, "top_k": 90, "rep_pen": 2.0804617404937744, "max_tokens": 238}}