{"sari": 17.786287420097295, "bert": 0.566930120641535, "params": {"temperature": 0.42376121077686546, "top_p": 0.9427915536798537, "top_k": 380, "rep_pen": 3.465789306908846, "max_tokens": 885}}