{"sari": 16.706679398073323, "bert": 0.6323452667756514, "params": {"temperature": 1.4184312222525477, "top_p": 0.768351539503783, "top_k": 115, "rep_pen": 4.79407037422061, "max_tokens": 110}}