{"sari": 38.21061079512029, "bert": 0.8691344438177167, "params": {"temperature": 0.21321601774543525, "top_p": 0.9696445600129664, "top_k": 497, "rep_pen": 1.025195762515068, "max_tokens": 157}}