{"sari": 17.45842667743569, "bert": 0.6082678877946103, "params": {"temperature": 0.9652258368209004, "top_p": 0.5105555825866759, "top_k": 14, "rep_pen": 1.7483750097453594, "max_tokens": 698}}