{"sari": 18.906146045459472, "bert": 0.7168499325260972, "params": {"temperature": 1.2813242960721254, "top_p": 0.6424745535477996, "top_k": 83, "rep_pen": 1.3125090263783932, "max_tokens": 430}}