{"sari": 17.490101793543783, "bert": 0.5608343326684201, "params": {"temperature": 1.1014789775013925, "top_p": 0.8846490774303675, "top_k": 46, "rep_pen": 4.1439993642270565, "max_tokens": 805}}