{"sari": 17.075766101555303, "bert": 0.5754812717437744, "params": {"temperature": 1.242231474071741, "top_p": 0.5165334362536669, "top_k": 304, "rep_pen": 4.860127620398998, "max_tokens": 296}}