{"sari": 17.768394159935863, "bert": 0.5672842513431202, "params": {"temperature": 0.1099686287343502, "top_p": 0.6528992364183068, "top_k": 429, "rep_pen": 3.8848622739315033, "max_tokens": 1021}}