{"sari": 17.45097247026535, "bert": 0.5662794441887826, "params": {"temperature": 0.706720696017146, "top_p": 0.8794716261327267, "top_k": 453, "rep_pen": 2.5873397886753082, "max_tokens": 396}}