{"sari": 17.088375099685678, "bert": 0.6584008390253241, "params": {"temperature": 1.0331007475033402, "top_p": 0.6138327275402844, "top_k": 291, "rep_pen": 3.2972649708390236, "max_tokens": 73}}