{"sari": 17.59101708141554, "bert": 0.5681323966594658, "params": {"temperature": 0.5597257008776069, "top_p": 0.716242044698447, "top_k": 282, "rep_pen": 2.0151408202946186, "max_tokens": 530}}