{"sari": 17.02179135605589, "bert": 0.5432421468123041, "params": {"temperature": 1.2719324430450798, "top_p": 0.9279857487417758, "top_k": 392, "rep_pen": 3.2117802314460278, "max_tokens": 945}}