{"sari": 17.603406306560306, "bert": 0.5637122476341748, "params": {"temperature": 0.7757349709048866, "top_p": 0.7430998566560447, "top_k": 417, "rep_pen": 4.447975739836693, "max_tokens": 756}}