{"sari": 17.632509912045666, "bert": 0.5661652480713045, "params": {"temperature": 0.45788288339972494, "top_p": 0.9073088616132736, "top_k": 334, "rep_pen": 4.9026667810976505, "max_tokens": 647}}