{"sari": 17.588643767245564, "bert": 0.5717043779113076, "params": {"temperature": 0.4371200140565633, "top_p": 0.5974308159202337, "top_k": 465, "rep_pen": 4.614191025495529, "max_tokens": 477}}