{"sari": 17.92965175460546, "bert": 0.6900158911040335, "params": {"temperature": 0.6709688568487763, "top_p": 0.5334318359382451, "top_k": 364, "rep_pen": 1.4858025796711445, "max_tokens": 967}}