{"sari": 23.329749897437956, "bert": 0.7720788983383564, "params": {"temperature": 1.0014767199754715, "top_p": 0.8312594452872872, "top_k": 215, "rep_pen": 1.164766512811184, "max_tokens": 592}}