{"sari": 17.698042916337357, "bert": 0.56591839922799, "params": {"temperature": 0.14948875941336154, "top_p": 0.5289130695164204, "top_k": 209, "rep_pen": 2.4324884451925755, "max_tokens": 887}}