{"sari": 17.41926090122462, "bert": 0.5820077669740927, "params": {"temperature": 0.2554704608395696, "top_p": 0.8455829280428588, "top_k": 158, "rep_pen": 4.540084797888994, "max_tokens": 289}}