{"sari": 17.623579946092843, "bert": 0.6711393666989875, "params": {"temperature": 0.353331683203578, "top_p": 0.6807259442284703, "top_k": 297, "rep_pen": 1.5772796012461185, "max_tokens": 265}}