{"sari": 16.68019093599469, "bert": 0.566740692023075, "params": {"temperature": 1.3407739354297519, "top_p": 0.9454283905215561, "top_k": 165, "rep_pen": 1.7723878100514412, "max_tokens": 320}}