{"sari": 17.07163508515101, "bert": 0.5483605059710416, "params": {"temperature": 1.3942732941359282, "top_p": 0.7341131763532758, "top_k": 339, "rep_pen": 3.63886409252882, "max_tokens": 839}}