{"sari": 17.22370882662681, "bert": 0.5667275923069077, "params": {"temperature": 0.8193351440131663, "top_p": 0.991939403116703, "top_k": 323, "rep_pen": 2.841082327067852, "max_tokens": 453}}