{"sari": 17.553689444525205, "bert": 0.5664885307803299, "params": {"temperature": 0.6588259160518646, "top_p": 0.7554885232821107, "top_k": 171, "rep_pen": 3.1031820215284824, "max_tokens": 512}}