{"sari": 17.42022355058335, "bert": 0.5683080984486474, "params": {"temperature": 0.6075346769765019, "top_p": 0.5902268984355032, "top_k": 121, "rep_pen": 3.5617905408143997, "max_tokens": 405}}