{"sari": 16.96258733726607, "bert": 0.5610941714108593, "params": {"temperature": 1.1139410803094507, "top_p": 0.6701824474148452, "top_k": 490, "rep_pen": 2.2613912634551525, "max_tokens": 349}}