{"sari": 17.13057354508564, "bert": 0.6826897180441655, "params": {"temperature": 0.9346864391118287, "top_p": 0.9183381255716085, "top_k": 180, "rep_pen": 2.334288202226162, "max_tokens": 55}}