{"sari": 18.292426494249117, "bert": 0.5863821636546742, "params": {"temperature": 0.3839850870892405, "top_p": 0.8167795459739864, "top_k": 39, "rep_pen": 2.98065485060215, "max_tokens": 997}}