{"sari": 17.184527838245383, "bert": 0.5703422941342748, "params": {"temperature": 1.4535809114575386, "top_p": 0.6761684371158481, "top_k": 200, "rep_pen": 3.1301018223166466, "max_tokens": 674}}