{"sari": 17.38981757468577, "bert": 0.6130350142416328, "params": {"temperature": 1.1499719228595495, "top_p": 0.7587110986933112, "top_k": 327, "rep_pen": 1.6598645374178886, "max_tokens": 921}}