{"sari": 17.37418506573102, "bert": 0.6262358630546415, "params": {"temperature": 0.9873421980068087, "top_p": 0.7398468903265893, "top_k": 127, "rep_pen": 2.750614833086729, "max_tokens": 191}}