{"sari": 17.29949393068737, "bert": 0.6168049357154153, "params": {"temperature": 1.215384254232049, "top_p": 0.5734253935515881, "top_k": 196, "rep_pen": 4.370903991162777, "max_tokens": 214}}