{"sari": 17.537236960068856, "bert": 0.6391698999838396, "params": {"temperature": 0.31082120537757874, "top_p": 0.554789625108242, "top_k": 75, "rep_pen": 4.124898731708527, "max_tokens": 155}}