{"sari": 17.044128282610117, "bert": 0.5671774109806678, "params": {"temperature": 1.4965186953544616, "top_p": 0.5521831959486008, "top_k": 423, "rep_pen": 2.6777286529541016, "max_tokens": 564}}