{"sari": 17.34328621708166, "bert": 0.6268948839168356, "params": {"temperature": 0.8902099825441837, "top_p": 0.7943502841517329, "top_k": 459, "rep_pen": 3.8501308523118496, "max_tokens": 182}}