{"sari": 17.474105493798827, "bert": 0.613787348824318, "params": {"temperature": 0.7444727048277854, "top_p": 0.9680560696870089, "top_k": 90, "rep_pen": 2.0804617404937744, "max_tokens": 238}}