{"sari": 35.14569367394179, "bert": 0.8608719490995311, "params": {"temperature": 0.21321601774543525, "top_p": 0.9696445600129664, "top_k": 497, "rep_pen": 1.025195762515068, "max_tokens": 157}}