{"sari": 19.40123587883419, "bert": 0.7336235152350532, "params": {"temperature": 1.2813242960721254, "top_p": 0.6424745535477996, "top_k": 83, "rep_pen": 1.3125090263783932, "max_tokens": 430}}