{"sari": 17.419826746062576, "bert": 0.5855235349048268, "params": {"temperature": 1.2231888191774487, "top_p": 0.9820548226125538, "top_k": 33, "rep_pen": 3.7068781964480877, "max_tokens": 540}}