{"sari": 17.58679207811447, "bert": 0.5919891223160908, "params": {"temperature": 1.1014789775013925, "top_p": 0.8846490774303675, "top_k": 46, "rep_pen": 4.1439993642270565, "max_tokens": 805}}