{"sari": 17.39576824238832, "bert": 0.6023847653408243, "params": {"temperature": 1.242231474071741, "top_p": 0.5165334362536669, "top_k": 304, "rep_pen": 4.860127620398998, "max_tokens": 296}}