{"sari": 18.327769982490132, "bert": 0.5833091688878609, "params": {"temperature": 0.1099686287343502, "top_p": 0.6528992364183068, "top_k": 429, "rep_pen": 3.8848622739315033, "max_tokens": 1021}}