{"sari": 17.750427561121583, "bert": 0.5861285560058825, "params": {"temperature": 0.8752318399026989, "top_p": 0.7032310157082975, "top_k": 246, "rep_pen": 4.6929706409573555, "max_tokens": 912}}