{"sari": 17.71154771482127, "bert": 0.5882815639177958, "params": {"temperature": 0.706720696017146, "top_p": 0.8794716261327267, "top_k": 453, "rep_pen": 2.5873397886753082, "max_tokens": 396}}