{"sari": 16.959306172463698, "bert": 0.5335270179642572, "params": {"temperature": 1.2719324430450798, "top_p": 0.9279857487417758, "top_k": 392, "rep_pen": 3.2117802314460278, "max_tokens": 945}}