{"sari": 17.511285216823175, "bert": 0.6590168324383823, "params": {"temperature": 0.5332633363083005, "top_p": 0.6315333708189428, "top_k": 139, "rep_pen": 2.5044330544769764, "max_tokens": 132}}