{"sari": 18.101571133603333, "bert": 0.5871286651100776, "params": {"temperature": 0.45788288339972494, "top_p": 0.9073088616132736, "top_k": 334, "rep_pen": 4.9026667810976505, "max_tokens": 647}}