{"sari": 18.173750671723727, "bert": 0.7095998359448982, "params": {"temperature": 0.6709688568487763, "top_p": 0.5334318359382451, "top_k": 364, "rep_pen": 1.4858025796711445, "max_tokens": 967}}