{"sari": 24.029296056648754, "bert": 0.781490467895161, "params": {"temperature": 1.0014767199754715, "top_p": 0.8312594452872872, "top_k": 215, "rep_pen": 1.164766512811184, "max_tokens": 592}}