{"sari": 18.34020887629935, "bert": 0.5827766303462212, "params": {"temperature": 0.14948875941336154, "top_p": 0.5289130695164204, "top_k": 209, "rep_pen": 2.4324884451925755, "max_tokens": 887}}