{"sari": 17.93639739346462, "bert": 0.5982991308876963, "params": {"temperature": 0.2554704608395696, "top_p": 0.8455829280428588, "top_k": 158, "rep_pen": 4.540084797888994, "max_tokens": 289}}