{"sari": 16.841613173083356, "bert": 0.5821977443165249, "params": {"temperature": 1.3407739354297519, "top_p": 0.9454283905215561, "top_k": 165, "rep_pen": 1.7723878100514412, "max_tokens": 320}}