{"sari": 18.729398984936832, "bert": 0.7281202604072262, "params": {"temperature": 0.502957547083497, "top_p": 0.7813698993995786, "top_k": 54, "rep_pen": 1.4185322523117065, "max_tokens": 774}}