{"sari": 17.042877913255595, "bert": 0.5582522292931874, "params": {"temperature": 1.3942732941359282, "top_p": 0.7341131763532758, "top_k": 339, "rep_pen": 3.63886409252882, "max_tokens": 839}}