{"sari": 17.415903293001943, "bert": 0.5831618245803949, "params": {"temperature": 0.8193351440131663, "top_p": 0.991939403116703, "top_k": 323, "rep_pen": 2.841082327067852, "max_tokens": 453}}