{"sari": 17.851500200977092, "bert": 0.5919470105508361, "params": {"temperature": 0.6075346769765019, "top_p": 0.5902268984355032, "top_k": 121, "rep_pen": 3.5617905408143997, "max_tokens": 405}}