{"sari": 17.32520975994384, "bert": 0.5906029007651589, "params": {"temperature": 1.1139410803094507, "top_p": 0.6701824474148452, "top_k": 490, "rep_pen": 2.2613912634551525, "max_tokens": 349}}