temperature,top_p,top_k,repetition_penalty,SARI_mean,SARI_std
0.3,0.8,20,1.0,43.84780125132244,0.41458557294341836
0.3,0.8,20,1.1,39.13560992874618,0.4530558951374366
0.3,0.8,20,1.2,31.31741428385421,0.5283921659881298
0.3,0.8,50,1.0,44.07517737148014,0.3645358373461626
0.3,0.8,50,1.1,39.11135081323688,0.1742654168085474
